<?xml version="1.0" encoding="UTF-8"?><rss version="2.0"
	xmlns:content="http://purl.org/rss/1.0/modules/content/"
	xmlns:wfw="http://wellformedweb.org/CommentAPI/"
	xmlns:dc="http://purl.org/dc/elements/1.1/"
	xmlns:atom="http://www.w3.org/2005/Atom"
	xmlns:sy="http://purl.org/rss/1.0/modules/syndication/"
	xmlns:slash="http://purl.org/rss/1.0/modules/slash/"
	>

<channel>
	<title>Kaca Film Bekasi - Oxygen Sandbox</title>
	<atom:link href="/category/https-kacafilm-co-id/feed" rel="self" type="application/rss+xml" />
	<link>/</link>
	<description></description>
	<lastBuildDate>Wed, 30 Nov 2022 15:13:37 +0000</lastBuildDate>
	<language>en-US</language>
	<sy:updatePeriod>
	hourly	</sy:updatePeriod>
	<sy:updateFrequency>
	1	</sy:updateFrequency>
	<generator>https://wordpress.org/?v=6.1</generator>
	<item>
		<title>Jual &#038; Pasang Kaca Film Gedung Bekasi ☎ 081 1154 2354</title>
		<link>/kaca-film-gedung-bekasi.html</link>
		
		<dc:creator><![CDATA[]]></dc:creator>
		<pubDate>Wed, 30 Nov 2022 15:13:37 +0000</pubDate>
				<category><![CDATA[Kaca Film Bekasi]]></category>
		<guid isPermaLink="false">/kaca-film-gedung-bekasi.html</guid>

					<description><![CDATA[Jual &#38; Pasang Kaca Film gedung Bekasi Spesialis pemasangan kaca film gedung Bekasi yang memberikan penawaran harga terbaik dan jaminan kualitas No.1. Kaca film gedung Bekasi yang memiliki penawaran harga film kaca yang memenuhi persyaratan kualitas standar tertinggi di Indonesia. Pemasangan kaca film pada bangunan bisa diaplikasikan untuk keperluan pintu, jendela, dan dinding kaca pintu &#8230;<p class="read-more"> <a class="" href="/kaca-film-gedung-bekasi.html"> <span class="screen-reader-text">Jual &#38; Pasang Kaca Film Gedung Bekasi ☎ 081 1154 2354</span> Read More &#187;</a></p>]]></description>
										<content:encoded><![CDATA[
<p></p>



<figure class="wp-block-gallery has-nested-images columns-default is-cropped wp-block-gallery-1 is-layout-flex">
<figure class="wp-block-image size-large"><img decoding="async" width="1024" height="1024" data-id="2706"  src="/wp-content/uploads/2022/12/Kaca-Film-Gedung-6-1024x1024.jpeg" alt="" class="wp-image-2706" srcset="/wp-content/uploads/2022/12/Kaca-Film-Gedung-6-1024x1024.jpeg 1024w, /wp-content/uploads/2022/12/Kaca-Film-Gedung-6-300x300.jpeg 300w, /wp-content/uploads/2022/12/Kaca-Film-Gedung-6-150x150.jpeg 150w, /wp-content/uploads/2022/12/Kaca-Film-Gedung-6-768x768.jpeg 768w, /wp-content/uploads/2022/12/Kaca-Film-Gedung-6.jpeg 1080w" sizes="(max-width: 1024px) 100vw, 1024px" /></figure>
</figure>



<h2>Jual &amp; Pasang Kaca Film gedung Bekasi</h2>



<p>Spesialis pemasangan kaca film gedung Bekasi yang memberikan penawaran harga terbaik dan jaminan <a href="https://kbbi.web.id/kualitas">kualitas</a> No.1. Kaca film gedung Bekasi yang memiliki penawaran harga film kaca yang memenuhi persyaratan <a href="https://kbbi.web.id/kualitas">kualitas</a> standar tertinggi di Indonesia. Pemasangan kaca film pada bangunan bisa diaplikasikan untuk keperluan pintu, jendela, dan <a href="https://kbbi.web.id/dinding">dinding</a> kaca pintu jendela dan dinding kaca bisa diaplikasikan dengan pemasangan kaca film pada bangunan. Bangunan memiliki kaca yang telah diterapkan kaca film akan membuat lebih nyaman, dibandingkan bangunan yang belum diaplikasikan kaca film.</p>



<p>Kami <a href="https://kacafilm.co.id/">kacafilm.co.id</a> perusahaan bekerjasama dengan dealer dalam memberikan penawaran kaca film dengan pilihan merek terlengkap. Harga <a href="https://id.wikipedia.org/wiki/Harga">murah</a> pilihan yang kaca film tersedia lengkap. Pemasangan kaca film memiliki sifat yang anti panas sehingga sinar matahari tidak langsung masuk ke dalam bangunan, sehingga suasana di dalam ruangan menjadi lebih sejuk dan <a href="https://kbbi.web.id/nyaman">nyaman</a>.</p>



<h2>Kaca Film untuk Pemasangan Terbaik.</h2>



<p>1. Pemasangan Kaca Film Oleh Jasa Profesional dari kami <a href="https://kacafilm.co.id/">kacafilm.co.id</a>.<br>Berpengalaman dan <a href="https://kbbi.web.id/teliti">teliti</a> biasanya tukang akan mendapat hasil yang bagus ketikan melakukan pemasangan kaca film gedung.</p>



<p>2. Proses <a href="https://kbbi.web.id/pasang-4">Pemasangan</a> Kaca Film Cepat.<br>Tukang <a href="https://kbbi.web.id/profesional">profesional</a> adalah tukang khusus yang harusnya sudah paham tentang cara memasang, karena tukang seperti ini akan melakukan pekerjaan dengan cepat dan tepat serta tidak memakan waktu yang lama untuk pekerjaan tersebut.</p>



<p>3. Kaca di jamin bergaransi <a href="https://kbbi.web.id/resmi">resmi</a>.<br>Dengan memberikan <a href="https://kbbi.web.id/garansi">garansi</a> resmi sehingga nantinya akan bisa terasa lebih tenang dan tidak kawatir akan hasil yang didapatkan. Sanggup memberikan garansi resmi dengan tujuan supaya setiap pelanggan bisa memberikan perasaan kebahagiaan.</p>



<p>Kaca film yang mahal tidak menjamin kualitasnya memang original. Original tidak menjamin kualitas suatu kaca film yang <a href="https://kbbi.web.id/mahal">mahal</a>. Oleh karena itu, anda harus <a href="https://kbbi.web.id/cermat">cermat</a> dalam memilih dealer agar mendapatkan produk dan layanan terbaik. Produk layanan anda harus cermat dalam memilih dealer terbaik agar mendapatkan dan. <a href="https://kbbi.web.id/harga">Harga</a> kaca film dihitung sesuai dengan kebutuhan pemasangannya berapa meter. Harga kaca film sangat dipengaruhi oleh produk dan cara pemasangannya. Apalagi mengingat merek kaca film memiliki harga yang berbeda tiap jenis, sehingga semua biaya tersebut harus di total dengan layanan <a href="https://kbbi.web.id/jasa">jasa</a> pemasangan </p>



<p>Cek juga <a href="/kaca-film-gedung-tangerang-selatan.html">Kaca Film Gedung ke Tangerang Selatan</a></p>



<p>Cek juga <a href="/kaca-film-gedung-jakarta-barat.html">Kaca Film Gedung ke Jakarta Barat</a></p>



<p>Untuk Info Lengkap Silahkan<br>081 1154 2354</p>



<p>Email: kacafilmcoid@gmail.com</p>



<p>Kantor Kami<br>Jl. H. Amilin 1 RT 003/012 no.6B Kranji, Bekasi Barat 17135</p>



<p><a href="kaca-film-gedung-bekasi">Sumber Artikel<br></a><a href="https://kacafilm.co.id/kaca-film-gedung-bekasi">https://kacafilm.co.id/kaca-film-gedung-bekasi</a></p>
]]></content:encoded>
					
		
		
			</item>
		<item>
		<title>Jual &#038; Pasang Kaca Film Gedung Jakarta Barat ☎ 081 1154 2354</title>
		<link>/kaca-film-gedung-jakarta-barat.html</link>
		
		<dc:creator><![CDATA[]]></dc:creator>
		<pubDate>Wed, 30 Nov 2022 03:51:49 +0000</pubDate>
				<category><![CDATA[Kaca Film Bekasi]]></category>
		<guid isPermaLink="false">/kaca-film-gedung-jakarta-barat.html</guid>

					<description><![CDATA[Jual &#38; Pasang Kaca Film gedung Jakarta Barat Film kaca gedung Jakarta Barat dikelasin, yang menawaring biaya terbaik dan kualitas produk,. Pemasangan kaca film pada bangunan bisa diaplikasikan untuk keperluan pintu, jendela, dan dinding kaca Setelah terpasang kaca film di bangunan, kehidupan anda akan lebih nyaman. Perusahaan kami kacafilm.co.id telah bekerja sama dengan dealer kaca &#8230;<p class="read-more"> <a class="" href="/kaca-film-gedung-jakarta-barat.html"> <span class="screen-reader-text">Jual &#38; Pasang Kaca Film Gedung Jakarta Barat ☎ 081 1154 2354</span> Read More &#187;</a></p>]]></description>
										<content:encoded><![CDATA[
<p></p>



<figure class="wp-block-gallery has-nested-images columns-default is-cropped wp-block-gallery-3 is-layout-flex">
<figure class="wp-block-image size-large"><img decoding="async" loading="lazy" width="1024" height="1024" data-id="2706"  src="/wp-content/uploads/2022/12/Kaca-Film-Gedung-6-1024x1024.jpeg" alt="" class="wp-image-2706" srcset="/wp-content/uploads/2022/12/Kaca-Film-Gedung-6-1024x1024.jpeg 1024w, /wp-content/uploads/2022/12/Kaca-Film-Gedung-6-300x300.jpeg 300w, /wp-content/uploads/2022/12/Kaca-Film-Gedung-6-150x150.jpeg 150w, /wp-content/uploads/2022/12/Kaca-Film-Gedung-6-768x768.jpeg 768w, /wp-content/uploads/2022/12/Kaca-Film-Gedung-6.jpeg 1080w" sizes="(max-width: 1024px) 100vw, 1024px" /></figure>
</figure>



<h2>Jual &amp; Pasang Kaca Film gedung Jakarta Barat</h2>



<p>Film kaca gedung Jakarta Barat dikelasin, yang menawaring biaya terbaik dan <a href="https://kbbi.web.id/kualitas">kualitas</a> produk,. Pemasangan kaca film pada bangunan bisa diaplikasikan untuk keperluan pintu, jendela, dan <a href="https://kbbi.web.id/dinding">dinding</a> kaca Setelah terpasang kaca film di bangunan, kehidupan anda akan lebih nyaman.</p>



<p>Perusahaan kami <a href="https://kacafilm.co.id/">kacafilm.co.id</a> telah bekerja sama dengan dealer kaca film resmi memberikan penawaran kaca film dengan pilihan merek terlengkap kerlangkapan merek kaca film salah satu pilihan produsen kaca film memilih di usaha kami menjadi kami beskali lipat dari usaha kami semula dimana kami akan menawarkan kaca film merek-merek terkenal Indonesia dan juga Merek Luar negeri yang akan ditawarkanpun kami sangat entry point yaitu kaca film merk premium yang murah. Kaca film tersedia pilihan yang lengkap dengan harga murah. Kaca film yang tersedia sangat lengkap dan harga-harganya sangat <a href="https://id.wikipedia.org/wiki/Harga">murah</a>. Sejuk di dalam ruangan terkunci sekarang ini dapat dydinginkan dengan alat kaca tinting agar tidak terserobot oleh sinar matahari yang panas.</p>



<h2>Cara menentukan pilihan jasa pemasangan kaca film.</h2>



<p>1.Pemasangan Kaca Film Oleh Para Jasa Profesional dari kami <a href="https://kacafilm.co.id/">kacafilm.co.id</a>. Jasa Pemasangan kaca film untuk semua kendaraan oleh kami dilaksanakan oleh para profesional.<br>Pemasangan Kaca Film Gedung harus dengan <a href="https://kbbi.web.id/teliti">teliti</a> dan cermat tidak sembarangan orang bisa melakukannya, Jadi Anda akan mendapatkan hasil yang bagus jika pemasangnya oleh tukang yang berpengalaman.</p>



<p>2. <a href="https://kbbi.web.id/pasang-4">Pemasangan</a> Kaca Film Cepat.<br>Dengan tukang yang sudah <a href="https://kbbi.web.id/profesional">profesional</a>, Maka pemasangannya akan dilakukan dengan cepat dan tidak memakan waktu yang lama dimana para tukang profesional tersebut tentunya sudah paham seperti apa cara untuk memasang yang tepat dan benar.</p>



<p>3. Kaca Film Bergaransi <a href="https://kbbi.web.id/resmi">Resmi</a>.<br>Dengan memberikan <a href="https://kbbi.web.id/garansi">garansi</a> resmi sehingga nantinya akan bisa terasa lebih tenang dan tidak kawatir akan hasil yang didapatkan. Karena laptop ini diberikan garansi yang menyeluruh selama proses pemakainya, menjadikan kita tidak usah khawatir dengan hasil yang ada.</p>



<p>Kaca film yang mahal tidak menjamin kualitasnya memang original. Original tidak menjamin kualitas suatu kaca film yang <a href="https://kbbi.web.id/mahal">mahal</a>. Dealer <a href="https://kbbi.web.id/cermat">cermat</a> yang baik harus ramah dan juga pintar. <a href="https://kbbi.web.id/harga">Harga</a> kaca film dihitung sesuai dengan kebutuhan pemasangannya berapa meter. Kaca film dihitung menunjukkan besarnya kebutuhan harganya berapa meter. Apalagi layanan <a href="https://kbbi.web.id/jasa">jasa</a> pemasangan harga memiliki. Untuk anda yang membutuhkan kaca film gedung Jakarta Barat, silahkan hubungi kami. Kami <a href="https://kacafilm.co.id/">kacafilm.co.id</a> dapat membantu anda dengan memasang kaca film pada bangunan anda.</p>



<p>Cek juga <a href="/kaca-film-gedung-bekasi.html">Kaca Film Gedung ke Bekasi</a></p>



<p>Cek juga <a href="/kaca-film-gedung-jakarta-pusat.html">Kaca Film Gedung ke Jakarta Pusat</a></p>



<p>Untuk Info Lengkap Silahkan<br>081 1154 2354</p>



<p>Email: kacafilmcoid@gmail.com</p>



<p>Kantor Kami<br>Jl. H. Amilin 1 RT 003/012 no.6B Kranji, Bekasi Barat 17135</p>



<p><a href="kaca-film-gedung-jakarta-barat">Sumber Artikel<br></a><a href="https://kacafilm.co.id/kaca-film-gedung-jakarta-barat">https://kacafilm.co.id/kaca-film-gedung-jakarta-barat</a></p>
]]></content:encoded>
					
		
		
			</item>
		<item>
		<title>Jual &#038; Pasang Kaca Film Gedung Depok ☎ 081 1154 2354</title>
		<link>/kaca-film-gedung-depok.html</link>
		
		<dc:creator><![CDATA[]]></dc:creator>
		<pubDate>Tue, 29 Nov 2022 23:40:11 +0000</pubDate>
				<category><![CDATA[Kaca Film Bekasi]]></category>
		<guid isPermaLink="false">/kaca-film-gedung-depok.html</guid>

					<description><![CDATA[Jual &#38; Pasang Kaca Film gedung Depok Spesialis pemasangan kaca film gedung Depok yang memberikan penawaran harga terbaik dan jaminan kualitas No.1 Pemasangan kaca film pada bangunan bisa diaplikasikan untuk keperluan pintu, jendela, dan dinding kaca pintu jendela dan dinding kaca bisa diaplikasikan dengan pemasangan kaca film pada bangunan. Bangunan memiliki kaca yang telah diterapkan &#8230;<p class="read-more"> <a class="" href="/kaca-film-gedung-depok.html"> <span class="screen-reader-text">Jual &#38; Pasang Kaca Film Gedung Depok ☎ 081 1154 2354</span> Read More &#187;</a></p>]]></description>
										<content:encoded><![CDATA[
<p></p>



<figure class="wp-block-gallery has-nested-images columns-default is-cropped wp-block-gallery-5 is-layout-flex">
<figure class="wp-block-image size-large"><img decoding="async" loading="lazy" width="1024" height="1024" data-id="2706"  src="/wp-content/uploads/2022/12/Kaca-Film-Gedung-6-1024x1024.jpeg" alt="" class="wp-image-2706" srcset="/wp-content/uploads/2022/12/Kaca-Film-Gedung-6-1024x1024.jpeg 1024w, /wp-content/uploads/2022/12/Kaca-Film-Gedung-6-300x300.jpeg 300w, /wp-content/uploads/2022/12/Kaca-Film-Gedung-6-150x150.jpeg 150w, /wp-content/uploads/2022/12/Kaca-Film-Gedung-6-768x768.jpeg 768w, /wp-content/uploads/2022/12/Kaca-Film-Gedung-6.jpeg 1080w" sizes="(max-width: 1024px) 100vw, 1024px" /></figure>
</figure>



<h2>Jual &amp; Pasang Kaca Film gedung Depok</h2>



<p>Spesialis pemasangan kaca film gedung Depok yang memberikan penawaran harga terbaik dan jaminan <a href="https://kbbi.web.id/kualitas">kualitas</a> No.1 Pemasangan kaca film pada bangunan bisa diaplikasikan untuk keperluan pintu, jendela, dan <a href="https://kbbi.web.id/dinding">dinding</a> kaca pintu jendela dan dinding kaca bisa diaplikasikan dengan pemasangan kaca film pada bangunan. Bangunan memiliki kaca yang telah diterapkan kaca film akan membuat lebih nyaman, dibandingkan bangunan yang belum diaplikasikan kaca film.</p>



<p>Perusahaan kami <a href="https://kacafilm.co.id/">kacafilm.co.id</a> telah bekerja sama dengan dealer kaca film resmi memberikan penawaran kaca film dengan pilihan merek terlengkap kerlangkapan merek kaca film salah satu pilihan produsen kaca film memilih di usaha kami menjadi kami beskali lipat dari usaha kami semula dimana kami akan menawarkan kaca film merek-merek terkenal Indonesia dan juga Merek Luar negeri yang akan ditawarkanpun kami sangat entry point yaitu kaca film merk premium yang murah. Harga <a href="https://id.wikipedia.org/wiki/Harga">murah</a> pilihan yang kaca film tersedia lengkap. Sejuk di dalam ruangan terkunci sekarang ini dapat dydinginkan dengan alat kaca tinting agar tidak terserobot oleh sinar matahari yang panas.</p>



<h2>Cara Memilih Jasa Pemasangan Kaca Film</h2>



<p>1.Pemasangan Kaca Film Oleh Para Profesional Jasa dari kami <a href="https://kacafilm.co.id/">kacafilm.co.id</a> .<br>Berpengalaman dan <a href="https://kbbi.web.id/teliti">teliti</a> biasanya tukang akan mendapat hasil yang bagus ketikan melakukan pemasangan kaca film gedung.</p>



<p>2. <a href="https://kbbi.web.id/pasang-4">Pemasangan</a> Kaca Film Proses Cepat<br>Dengan tukang yang sudah profesional, Maka pemasangannya akan dilakukan dengan cepat dan tidak memakan waktu yang lama dimana para tukang <a href="https://kbbi.web.id/profesional">profesional</a> tersebut tentunya sudah paham seperti apa cara untuk memasang yang tepat dan benar.Karena para tukang sudah paham dengan cara memasang yang benar.</p>



<p>3. Bergaransi <a href="https://kbbi.web.id/resmi">Resmi</a>, Kaca Film.<br>Resmi dimana kita dapat nikmati juga akan dilakukan kerja sama dari merk terbaik dan asli dengan adanya <a href="https://kbbi.web.id/garansi">garansi</a>, jadi bisa dipastikan akan terbukti dari kualitas hadir di atas dalam.</p>



<p><a href="https://kbbi.web.id/mahal">Mahal</a>, bukan berarti berkualitas, terlebih untuk kaca film. Oleh karena itu, anda harus <a href="https://kbbi.web.id/cermat">cermat</a> dalam memilih dealer agar mendapatkan produk dan layanan terbaik. Agar memperoleh harga mobil terbaik, dealer yang tepat harus anda pilih. Kebutuhan pemasangan kaca film dihitung <a href="https://kbbi.web.id/harga">harga</a> sesuai berapa meter. Apalagi layanan <a href="https://kbbi.web.id/jasa">jasa</a> pemasangan harga memiliki. Untuk anda yang membutuhkan kaca film gedung Depok, silahkan hubungi kami. Kami <a href="https://kacafilm.co.id/">kacafilm.co.id</a> dapat membantu anda dengan memasang kaca film pada bangunan anda.</p>



<p>Cek juga <a href="/kaca-film-gedung-bogor.html">Kaca Film Gedung ke Bogor</a></p>



<p>Cek juga <a href="/kaca-film-gedung-tangerang.html">Kaca Film Gedung ke Tangerang</a></p>



<p>Untuk Info Lengkap Silahkan<br>081 1154 2354</p>



<p>Email: kacafilmcoid@gmail.com</p>



<p>Kantor Kami<br>Jl. H. Amilin 1 RT 003/012 no.6B Kranji, Bekasi Barat 17135</p>



<p><a href="kaca-film-gedung-depok">Sumber Artikel<br></a><a href="https://kacafilm.co.id/kaca-film-gedung-depok">https://kacafilm.co.id/kaca-film-gedung-depok</a></p>
]]></content:encoded>
					
		
		
			</item>
		<item>
		<title>Jual &#038; Pasang Kaca Film Gedung Tangerang Selatan ☎ 081 1154 2354</title>
		<link>/kaca-film-gedung-tangerang-selatan.html</link>
		
		<dc:creator><![CDATA[]]></dc:creator>
		<pubDate>Tue, 29 Nov 2022 19:36:59 +0000</pubDate>
				<category><![CDATA[Kaca Film Bekasi]]></category>
		<guid isPermaLink="false">/kaca-film-gedung-tangerang-selatan.html</guid>

					<description><![CDATA[Jual &#38; Pasang Kaca Film gedung Tangerang Selatan Film kaca gedung Tangerang Selatan dikelasin, yang menawaring biaya terbaik dan kualitas produk,. Dinding kaca bisa diaplikasikan untuk keperluan pintu, jendela, dan kaca film pada bangunan. Setelah terpasang kaca film di bangunan, kehidupan anda akan lebih nyaman. Resmi memberikan penawaran kaca film dengan pilihan merek terlengkap, Perusahaan &#8230;<p class="read-more"> <a class="" href="/kaca-film-gedung-tangerang-selatan.html"> <span class="screen-reader-text">Jual &#38; Pasang Kaca Film Gedung Tangerang Selatan ☎ 081 1154 2354</span> Read More &#187;</a></p>]]></description>
										<content:encoded><![CDATA[
<p></p>



<figure class="wp-block-gallery has-nested-images columns-default is-cropped wp-block-gallery-7 is-layout-flex">
<figure class="wp-block-image size-large"><img decoding="async" loading="lazy" width="1024" height="1024" data-id="2706"  src="/wp-content/uploads/2022/12/Kaca-Film-Gedung-6-1024x1024.jpeg" alt="" class="wp-image-2706" srcset="/wp-content/uploads/2022/12/Kaca-Film-Gedung-6-1024x1024.jpeg 1024w, /wp-content/uploads/2022/12/Kaca-Film-Gedung-6-300x300.jpeg 300w, /wp-content/uploads/2022/12/Kaca-Film-Gedung-6-150x150.jpeg 150w, /wp-content/uploads/2022/12/Kaca-Film-Gedung-6-768x768.jpeg 768w, /wp-content/uploads/2022/12/Kaca-Film-Gedung-6.jpeg 1080w" sizes="(max-width: 1024px) 100vw, 1024px" /></figure>
</figure>



<h2>Jual &amp; Pasang Kaca Film gedung Tangerang Selatan</h2>



<p>Film kaca gedung Tangerang Selatan dikelasin, yang menawaring biaya terbaik dan <a href="https://kbbi.web.id/kualitas">kualitas</a> produk,. <a href="https://kbbi.web.id/dinding">Dinding</a> kaca bisa diaplikasikan untuk keperluan pintu, jendela, dan kaca film pada bangunan. Setelah terpasang kaca film di bangunan, kehidupan anda akan lebih nyaman.</p>



<p>Resmi memberikan penawaran kaca film dengan pilihan merek terlengkap, Perusahaan kami <a href="https://kacafilm.co.id/">kacafilm.co.id</a> telah bekerja sama dengan dealer kaca film. Kaca film tersedia pilihan yang lengkap dengan harga <a href="https://id.wikipedia.org/wiki/Harga">murah</a> Pemasangan kaca film memiliki sifat yang anti panas sehingga sinar matahari tidak langsung masuk ke dalam bangunan, sehingga suasana di dalam ruangan menjadi lebih sejuk dan <a href="https://kbbi.web.id/nyaman">nyaman</a>.</p>



<h2>Kaca Film untuk Pemasangan Terbaik.</h2>



<p>1.Pemasangan Kaca Film Oleh Para Profesional Jasa dari kami <a href="https://kacafilm.co.id/">kacafilm.co.id</a> .<br><a href="https://kbbi.web.id/teliti">Teliti</a> dan cermat, Pemasangan Kaca Film Gedung harus dilakukan karena hanya khusus orang yang berpengalaman yang bisa melakukannya, Jadi Anda akan mendapatkan hasil yang bagus jika pemasangnya oleh tukang yang berpengalaman.</p>



<p>2. Proses <a href="https://kbbi.web.id/pasang-4">Pemasangan</a> Kaca Film Cepat.<br>Dengan tukang yang sudah <a href="https://kbbi.web.id/profesional">profesional</a>, Maka pemasangannya akan dilakukan dengan cepat dan tidak memakan waktu yang lama dimana para tukang profesional tersebut tentunya sudah paham seperti apa cara untuk memasang yang tepat dan benar.</p>



<p>3. Kaca Film Bergaransi <a href="https://kbbi.web.id/resmi">Resmi</a>.<br>Dengan memberikan garansi resmi sehingga nantinya akan bisa terasa lebih tenang dan tidak kawatir akan hasil yang didapatkan. Maka kami memberikan <a href="https://kbbi.web.id/garansi">garansi</a> resmi yg dimana akan membuat anda lebih tenang dan tidak khawatir terhadap hasil yang didapatkan.</p>



<p>Kaca film yang <a href="https://kbbi.web.id/mahal">mahal</a> memang tidak menjamin kalau kualitasnya original. Oleh karena itu, anda harus <a href="https://kbbi.web.id/cermat">cermat</a> dalam memilih dealer agar mendapatkan produk dan layanan terbaik. Agar memperoleh harga mobil terbaik, dealer yang tepat harus anda pilih. Kebutuhan pemasangan kaca film dihitung <a href="https://kbbi.web.id/harga">harga</a> sesuai berapa meter. Apalagi mengingat merek kaca film memiliki harga yang berbeda tiap jenis, sehingga semua biaya tersebut harus di total dengan layanan <a href="https://kbbi.web.id/jasa">jasa</a> pemasangan Untuk Kaca film gedung Tangerang Selatan anda yang membutuhkan kaca film, silahkan hubungi kami <a href="https://kacafilm.co.id/">kacafilm.co.id</a>.</p>



<p>Cek juga <a href="/kaca-film-gedung-tangerang.html">Kaca Film Gedung ke Tangerang</a></p>



<p>Cek juga <a href="/kaca-film-gedung-bekasi.html">Kaca Film Gedung ke Bekasi</a></p>



<p>Untuk Info Lengkap Silahkan<br>081 1154 2354</p>



<p>Email: kacafilmcoid@gmail.com</p>



<p>Kantor Kami<br>Jl. H. Amilin 1 RT 003/012 no.6B Kranji, Bekasi Barat 17135</p>



<p><a href="kaca-film-gedung-tangerang-selatan">Sumber Artikel<br></a><a href="https://kacafilm.co.id/kaca-film-gedung-tangerang-selatan">https://kacafilm.co.id/kaca-film-gedung-tangerang-selatan</a></p>
]]></content:encoded>
					
		
		
			</item>
		<item>
		<title>Jual &#038; Pasang Kaca Film Gedung Jakarta Pusat ☎ 081 1154 2354</title>
		<link>/kaca-film-gedung-jakarta-pusat.html</link>
		
		<dc:creator><![CDATA[]]></dc:creator>
		<pubDate>Sun, 27 Nov 2022 02:03:21 +0000</pubDate>
				<category><![CDATA[Kaca Film Bekasi]]></category>
		<guid isPermaLink="false">/kaca-film-gedung-jakarta-pusat.html</guid>

					<description><![CDATA[Jual &#38; Pasang Kaca Film gedung Jakarta Pusat Spesialis pemasangan kaca film gedung Jakarta Pusat yang memberikan penawaran harga terbaik dan jaminan kualitas No.1 Pemasangan kaca film pada bangunan bisa diaplikasikan untuk keperluan pintu, jendela, dan dinding kaca pintu jendela dan dinding kaca bisa diaplikasikan dengan pemasangan kaca film pada bangunan. Kaca film sudah terpasang &#8230;<p class="read-more"> <a class="" href="/kaca-film-gedung-jakarta-pusat.html"> <span class="screen-reader-text">Jual &#38; Pasang Kaca Film Gedung Jakarta Pusat ☎ 081 1154 2354</span> Read More &#187;</a></p>]]></description>
										<content:encoded><![CDATA[
<p></p>



<figure class="wp-block-gallery has-nested-images columns-default is-cropped wp-block-gallery-9 is-layout-flex">
<figure class="wp-block-image size-large"><img decoding="async" loading="lazy" width="1024" height="1024" data-id="2706"  src="/wp-content/uploads/2022/12/Kaca-Film-Gedung-6-1024x1024.jpeg" alt="" class="wp-image-2706" srcset="/wp-content/uploads/2022/12/Kaca-Film-Gedung-6-1024x1024.jpeg 1024w, /wp-content/uploads/2022/12/Kaca-Film-Gedung-6-300x300.jpeg 300w, /wp-content/uploads/2022/12/Kaca-Film-Gedung-6-150x150.jpeg 150w, /wp-content/uploads/2022/12/Kaca-Film-Gedung-6-768x768.jpeg 768w, /wp-content/uploads/2022/12/Kaca-Film-Gedung-6.jpeg 1080w" sizes="(max-width: 1024px) 100vw, 1024px" /></figure>
</figure>



<h2>Jual &amp; Pasang Kaca Film gedung Jakarta Pusat</h2>



<p>Spesialis pemasangan kaca film gedung Jakarta Pusat yang memberikan penawaran harga terbaik dan jaminan <a href="https://kbbi.web.id/kualitas">kualitas</a> No.1 Pemasangan kaca film pada bangunan bisa diaplikasikan untuk keperluan pintu, jendela, dan <a href="https://kbbi.web.id/dinding">dinding</a> kaca pintu jendela dan dinding kaca bisa diaplikasikan dengan pemasangan kaca film pada bangunan. Kaca film sudah terpasang kaca film di bangunan serta membuat nyaman ketika kaca bangunan sudah terpasang kaca film.</p>



<p>Perusahaan kami <a href="https://kacafilm.co.id/">kacafilm.co.id</a> telah bekerja sama dengan dealer kaca film resmi memberikan penawaran kaca film dengan pilihan merek terlengkap kerlangkapan merek kaca film salah satu pilihan produsen kaca film memilih di usaha kami menjadi kami beskali lipat dari usaha kami semula dimana kami akan menawarkan kaca film merek-merek terkenal Indonesia dan juga Merek Luar negeri yang akan ditawarkanpun kami sangat entry point yaitu kaca film merk premium yang murah. Kaca film tersedia pilihan yang lengkap dengan harga <a href="https://id.wikipedia.org/wiki/Harga">murah</a> Pemasangan kaca film memiliki sifat anti panas sehingga sinar matahari tidak langsung masuk ke dalam bangunan, sehingga suasana di dalam ruangan menjadi lebih sejuk dan <a href="https://kbbi.web.id/nyaman">nyaman</a>.Penempelan kaca film memiliki sifat menolak masuk sinar matahari langsung ke dalam Kaca film gedung Jakarta Pusat, sehingga suasana di dalam bangunan menjadi lebih <a href="https://kbbi.web.id/nyaman">nyaman</a> dan sejuk.</p>



<h2>Kaca Film untuk Pemasangan Terbaik.</h2>



<p>1.Pemasangan Kaca Film Oleh Para Jasa Profesional dari kami <a href="https://kacafilm.co.id/">kacafilm.co.id</a>.<br>pemasangan kaca film ini dilakukan dengan jasa profesional yang kami punya.<br>Gedung yang membutuhkan pemasangan kaca film harus <a href="https://kbbi.web.id/teliti">teliti</a> dan cermat, tidak sembarangan orang bisa melakukannya, jadi Anda akan mendapatkan hasil yang bagus jika pemasangnya oleh tukang yang berpengalaman.</p>



<p>2. Proses <a href="https://kbbi.web.id/pasang-4">pemasangan</a> kaca film cepat.<br>Dengan tukang yang sudah profesional, Maka pemasangannya akan dilakukan dengan cepat dan tidak memakan waktu yang lama dimana para tukang <a href="https://kbbi.web.id/profesional">profesional</a> tersebut tentunya sudah paham seperti apa cara untuk memasang yang tepat dan benar.Karena para tukang sudah paham dengan cara memasang yang benar.</p>



<p>3. Kaca Film Bergaransi <a href="https://kbbi.web.id/resmi">Resmi</a> Kaca Film Asli Indonesia memang pernah di gunakan di Indonesia tetapi tidak bergaransi.<br>Dengan memberikan <a href="https://kbbi.web.id/garansi">garansi</a> resmi sehingga nantinya akan bisa terasa lebih tenang dan tidak kawatir akan hasil yang didapatkan. Karena laptop ini diberikan garansi yang menyeluruh selama proses pemakainya, menjadikan kita tidak usah khawatir dengan hasil yang ada.</p>



<p>Kaca film yang <a href="https://kbbi.web.id/mahal">mahal</a> tidak menjamin kualitasnya memang original Oleh karena itu, anda harus <a href="https://kbbi.web.id/cermat">cermat</a> dalam memilih dealer agar mendapatkan produk dan layanan terbaik. Memilih dealer yang memberikan layanan terbaik agar mendapatkan produk terbaik. <a href="https://kbbi.web.id/harga">Harga</a> kaca film dihitung sesuai dengan kebutuhan pemasangannya berapa meter. Kaca film dihitung menunjukkan besarnya kebutuhan harganya berapa meter. Apalagi mengingat merek kaca film memiliki harga yang berbeda tiap jenis, sehingga semua biaya tersebut harus di total dengan layanan <a href="https://kbbi.web.id/jasa">jasa</a> pemasangan Membutuhkan kaca film gedung Jakarta Pusat? hubungi kami <a href="https://kacafilm.co.id/">kacafilm.co.id</a> .</p>



<p>Cek juga <a href="/kaca-film-gedung-jakarta-barat.html">Kaca Film Gedung ke Jakarta Barat</a></p>



<p>Cek juga <a href="/kaca-film-gedung-jakarta-selatan.html">Kaca Film Gedung ke Jakarta Selatan</a></p>



<p>Untuk Info Lengkap Silahkan<br>081 1154 2354</p>



<p>Email: kacafilmcoid@gmail.com</p>



<p>Kantor Kami<br>Jl. H. Amilin 1 RT 003/012 no.6B Kranji, Bekasi Barat 17135</p>



<p><a href="kaca-film-gedung-jakarta-pusat">Sumber Artikel<br></a><a href="https://kacafilm.co.id/kaca-film-gedung-jakarta-pusat">https://kacafilm.co.id/kaca-film-gedung-jakarta-pusat</a></p>
]]></content:encoded>
					
		
		
			</item>
		<item>
		<title>Jual &#038; Pasang Kaca Film Gedung Bogor ☎ 081 1154 2354</title>
		<link>/kaca-film-gedung-bogor.html</link>
		
		<dc:creator><![CDATA[]]></dc:creator>
		<pubDate>Sat, 26 Nov 2022 23:02:00 +0000</pubDate>
				<category><![CDATA[Kaca Film Bekasi]]></category>
		<guid isPermaLink="false">/kaca-film-gedung-bogor.html</guid>

					<description><![CDATA[Jual &#38; Pasang Kaca Film gedung Bogor Spesialis pemasangan kaca film gedung Bogor yang memberikan penawaran harga terbaik dan jaminan kualitas No.1. Kaca film gedung Bogor yang memiliki penawaran harga film kaca yang memenuhi persyaratan kualitas standar tertinggi di Indonesia. Pemasangan kaca film pada bangunan bisa diaplikasikan untuk keperluan pintu, jendela, dan dinding kaca Anda &#8230;<p class="read-more"> <a class="" href="/kaca-film-gedung-bogor.html"> <span class="screen-reader-text">Jual &#38; Pasang Kaca Film Gedung Bogor ☎ 081 1154 2354</span> Read More &#187;</a></p>]]></description>
										<content:encoded><![CDATA[
<p></p>



<figure class="wp-block-gallery has-nested-images columns-default is-cropped wp-block-gallery-11 is-layout-flex">
<figure class="wp-block-image size-large"><img decoding="async" loading="lazy" width="1024" height="1024" data-id="2706"  src="/wp-content/uploads/2022/12/Kaca-Film-Gedung-6-1024x1024.jpeg" alt="" class="wp-image-2706" srcset="/wp-content/uploads/2022/12/Kaca-Film-Gedung-6-1024x1024.jpeg 1024w, /wp-content/uploads/2022/12/Kaca-Film-Gedung-6-300x300.jpeg 300w, /wp-content/uploads/2022/12/Kaca-Film-Gedung-6-150x150.jpeg 150w, /wp-content/uploads/2022/12/Kaca-Film-Gedung-6-768x768.jpeg 768w, /wp-content/uploads/2022/12/Kaca-Film-Gedung-6.jpeg 1080w" sizes="(max-width: 1024px) 100vw, 1024px" /></figure>
</figure>



<h2>Jual &amp; Pasang Kaca Film gedung Bogor</h2>



<p>Spesialis pemasangan kaca film gedung Bogor yang memberikan penawaran harga terbaik dan jaminan <a href="https://kbbi.web.id/kualitas">kualitas</a> No.1. Kaca film gedung Bogor yang memiliki penawaran harga film kaca yang memenuhi persyaratan <a href="https://kbbi.web.id/kualitas">kualitas</a> standar tertinggi di Indonesia. Pemasangan kaca film pada bangunan bisa diaplikasikan untuk keperluan pintu, jendela, dan <a href="https://kbbi.web.id/dinding">dinding</a> kaca Anda akan langsung merasakan perbedaannya, setelah dan sebelum pemasangan kaca film tentu akan lebih nyaman ketika kaca bangunan sudah terpasang kaca film.</p>



<p>Perusahaan kami <a href="https://kacafilm.co.id/">kacafilm.co.id</a> telah bekerja sama dengan dealer kaca film resmi memberikan penawaran kaca film dengan pilihan merek terlengkap Kaca film tersedia pilihan yang lengkap dengan harga <a href="https://id.wikipedia.org/wiki/Harga">murah</a> Pemasangan kaca film memiliki sifat anti panas sehingga sinar matahari tidak langsung masuk ke dalam bangunan, sehingga suasana di dalam ruangan menjadi lebih sejuk dan <a href="https://kbbi.web.id/nyaman">nyaman</a>.Penempelan kaca film memiliki sifat menolak masuk sinar matahari langsung ke dalam Kaca film gedung Bogor, sehingga suasana di dalam bangunan menjadi lebih <a href="https://kbbi.web.id/nyaman">nyaman</a> dan sejuk.</p>



<h2>"jasa pemasangan kaca film".</h2>



<p>1.Pemasangan Kaca Film Oleh Para Profesional Jasa dari kami <a href="https://kacafilm.co.id/">kacafilm.co.id</a> .<br>Berpengalaman dan <a href="https://kbbi.web.id/teliti">teliti</a> biasanya tukang akan mendapat hasil yang bagus ketikan melakukan pemasangan kaca film gedung.</p>



<p>2. Proses <a href="https://kbbi.web.id/pasang-4">pemasangan</a> kaca film cepat.<br>Dengan tukang yang sudah <a href="https://kbbi.web.id/profesional">profesional</a>, Maka pemasangannya akan dilakukan dengan cepat dan tidak memakan waktu yang lama dimana para tukang profesional tersebut tentunya sudah paham seperti apa cara untuk memasang yang tepat dan benar.</p>



<p>3. Kaca Film Bergaransi <a href="https://kbbi.web.id/resmi">Resmi</a>.<br>Resmi dimana kita dapat nikmati juga akan dilakukan kerja sama dari merk terbaik dan asli dengan adanya <a href="https://kbbi.web.id/garansi">garansi</a>, jadi bisa dipastikan akan terbukti dari kualitas hadir di atas dalam.</p>



<p>Kaca film yang <a href="https://kbbi.web.id/mahal">mahal</a> tidak menjamin kualitasnya memang original Oleh karena itu, anda harus <a href="https://kbbi.web.id/cermat">cermat</a> dalam memilih dealer agar mendapatkan produk dan layanan terbaik. Produk layanan anda harus cermat dalam memilih dealer terbaik agar mendapatkan dan. <a href="https://kbbi.web.id/harga">Harga</a> kaca film dihitung sesuai dengan kebutuhan pemasangannya berapa meter Apalagi mengingat merek kaca film memiliki harga yang berbeda tiap jenis, sehingga semua biaya tersebut harus di total dengan layanan <a href="https://kbbi.web.id/jasa">jasa</a> pemasangan Membutuhkan kaca film gedung Bogor? hubungi kami <a href="https://kacafilm.co.id/">kacafilm.co.id</a> .</p>



<p>Cek juga <a href="/kaca-film-gedung-jakarta-utara.html">Kaca Film Gedung ke Jakarta Utara</a></p>



<p>Cek juga <a href="/kaca-film-gedung-depok.html">Kaca Film Gedung ke Depok</a></p>



<p>Untuk Info Lengkap Silahkan<br>081 1154 2354</p>



<p>Email: kacafilmcoid@gmail.com</p>



<p>Kantor Kami<br>Jl. H. Amilin 1 RT 003/012 no.6B Kranji, Bekasi Barat 17135</p>



<p><a href="kaca-film-gedung-bogor">Sumber Artikel<br></a><a href="https://kacafilm.co.id/kaca-film-gedung-bogor">https://kacafilm.co.id/kaca-film-gedung-bogor</a></p>
]]></content:encoded>
					
		
		
			</item>
		<item>
		<title>Jual &#038; Pasang Kaca Film Gedung Tangerang ☎ 081 1154 2354</title>
		<link>/kaca-film-gedung-tangerang.html</link>
		
		<dc:creator><![CDATA[]]></dc:creator>
		<pubDate>Fri, 25 Nov 2022 07:47:41 +0000</pubDate>
				<category><![CDATA[Kaca Film Bekasi]]></category>
		<guid isPermaLink="false">/kaca-film-gedung-tangerang.html</guid>

					<description><![CDATA[Jual &#38; Pasang Kaca Film gedung Tangerang Spesialis pemasangan kaca film gedung Tangerang yang memberikan penawaran harga terbaik dan jaminan kualitas No.1. Kaca film gedung Tangerang yang memiliki penawaran harga film kaca yang memenuhi persyaratan kualitas standar tertinggi di Indonesia. Dinding kaca bisa diaplikasikan untuk keperluan pintu, jendela, dan kaca film pada bangunan. Setelah terpasang &#8230;<p class="read-more"> <a class="" href="/kaca-film-gedung-tangerang.html"> <span class="screen-reader-text">Jual &#38; Pasang Kaca Film Gedung Tangerang ☎ 081 1154 2354</span> Read More &#187;</a></p>]]></description>
										<content:encoded><![CDATA[
<p></p>



<figure class="wp-block-gallery has-nested-images columns-default is-cropped wp-block-gallery-13 is-layout-flex">
<figure class="wp-block-image size-large"><img decoding="async" loading="lazy" width="1024" height="1024" data-id="2706"  src="/wp-content/uploads/2022/12/Kaca-Film-Gedung-6-1024x1024.jpeg" alt="" class="wp-image-2706" srcset="/wp-content/uploads/2022/12/Kaca-Film-Gedung-6-1024x1024.jpeg 1024w, /wp-content/uploads/2022/12/Kaca-Film-Gedung-6-300x300.jpeg 300w, /wp-content/uploads/2022/12/Kaca-Film-Gedung-6-150x150.jpeg 150w, /wp-content/uploads/2022/12/Kaca-Film-Gedung-6-768x768.jpeg 768w, /wp-content/uploads/2022/12/Kaca-Film-Gedung-6.jpeg 1080w" sizes="(max-width: 1024px) 100vw, 1024px" /></figure>
</figure>



<h2>Jual &amp; Pasang Kaca Film gedung Tangerang</h2>



<p>Spesialis pemasangan kaca film gedung Tangerang yang memberikan penawaran harga terbaik dan jaminan <a href="https://kbbi.web.id/kualitas">kualitas</a> No.1. Kaca film gedung Tangerang yang memiliki penawaran harga film kaca yang memenuhi persyaratan <a href="https://kbbi.web.id/kualitas">kualitas</a> standar tertinggi di Indonesia. <a href="https://kbbi.web.id/dinding">Dinding</a> kaca bisa diaplikasikan untuk keperluan pintu, jendela, dan kaca film pada bangunan. Setelah terpasang kaca film di bangunan, kehidupan anda akan lebih nyaman.</p>



<p>Perusahaan kami <a href="https://kacafilm.co.id/">kacafilm.co.id</a> telah bekerja sama dengan dealer kaca film resmi memberikan penawaran kaca film dengan pilihan merek terlengkap kerlangkapan merek kaca film salah satu pilihan produsen kaca film memilih di usaha kami menjadi kami beskali lipat dari usaha kami semula dimana kami akan menawarkan kaca film merek-merek terkenal Indonesia dan juga Merek Luar negeri yang akan ditawarkanpun kami sangat entry point yaitu kaca film merk premium yang murah. Kaca film tersedia pilihan yang lengkap dengan harga <a href="https://id.wikipedia.org/wiki/Harga">murah</a> Anti panas sifat pemasangan kaca film memiliki, sehingga sinar matahari tidak langsung masuk ke dalam bangunan, sehingga suasana di dalam ruangan menjadi lebih sejuk dan <a href="https://kbbi.web.id/nyaman">nyaman</a>.</p>



<h2>"jasa pemasangan kaca film".</h2>



<p>1.Pemasangan Kaca Film Oleh Para Profesional Jasa dari kami <a href="https://kacafilm.co.id/">kacafilm.co.id</a> .<br>Gedung yang membutuhkan pemasangan kaca film harus <a href="https://kbbi.web.id/teliti">teliti</a> dan cermat, tidak sembarangan orang bisa melakukannya, jadi Anda akan mendapatkan hasil yang bagus jika pemasangnya oleh tukang yang berpengalaman.</p>



<p>2. <a href="https://kbbi.web.id/pasang-4">Pemasangan</a> Kaca Film Proses Cepat<br>Dengan tukang yang sudah <a href="https://kbbi.web.id/profesional">profesional</a>, Maka pemasangannya akan dilakukan dengan cepat dan tidak memakan waktu yang lama dimana para tukang profesional tersebut tentunya sudah paham seperti apa cara untuk memasang yang tepat dan benar.</p>



<p>3. Bergaransi <a href="https://kbbi.web.id/resmi">Resmi</a>, Kaca Film.<br>Dengan memberikan garansi resmi sehingga nantinya akan bisa terasa lebih tenang dan tidak kawatir akan hasil yang didapatkan. Maka kami memberikan <a href="https://kbbi.web.id/garansi">garansi</a> resmi yg dimana akan membuat anda lebih tenang dan tidak khawatir terhadap hasil yang didapatkan.</p>



<p>Kaca film yang <a href="https://kbbi.web.id/mahal">mahal</a> memang tidak menjamin kalau kualitasnya original. Oleh karena itu, anda harus <a href="https://kbbi.web.id/cermat">cermat</a> dalam memilih dealer agar mendapatkan produk dan layanan terbaik. Produk layanan anda harus cermat dalam memilih dealer terbaik agar mendapatkan dan. <a href="https://kbbi.web.id/harga">Harga</a> kaca film dihitung sesuai dengan kebutuhan pemasangannya berapa meter. Kaca film dihitung menunjukkan besarnya kebutuhan harganya berapa meter. Semua biaya tersebut harus di total dengan layanan <a href="https://kbbi.web.id/jasa">jasa</a> pemasangan, apalagi mengingat merek kaca film memiliki harga yang berbeda tiap jenis. Untuk anda yang membutuhkan kaca film gedung Tangerang, silahkan hubungi kami. Kami <a href="https://kacafilm.co.id/">kacafilm.co.id</a> dapat membantu anda dengan memasang kaca film pada bangunan anda.</p>



<p>Cek juga <a href="/kaca-film-gedung-depok.html">Kaca Film Gedung ke Depok</a></p>



<p>Cek juga <a href="/kaca-film-gedung-tangerang-selatan.html">Kaca Film Gedung ke Tangerang Selatan</a></p>



<p>Untuk Info Lengkap Silahkan<br>081 1154 2354</p>



<p>Email: kacafilmcoid@gmail.com</p>



<p>Kantor Kami<br>Jl. H. Amilin 1 RT 003/012 no.6B Kranji, Bekasi Barat 17135</p>



<p><a href="kaca-film-gedung-tangerang">Sumber Artikel<br></a><a href="https://kacafilm.co.id/kaca-film-gedung-tangerang">https://kacafilm.co.id/kaca-film-gedung-tangerang</a></p>
]]></content:encoded>
					
		
		
			</item>
		<item>
		<title>Jual &#038; Pasang Kaca Film Gedung Jakarta Utara ☎ 081 1154 2354</title>
		<link>/kaca-film-gedung-jakarta-utara.html</link>
		
		<dc:creator><![CDATA[]]></dc:creator>
		<pubDate>Fri, 25 Nov 2022 07:30:45 +0000</pubDate>
				<category><![CDATA[Kaca Film Bekasi]]></category>
		<guid isPermaLink="false">/kaca-film-gedung-jakarta-utara.html</guid>

					<description><![CDATA[Jual &#38; Pasang Kaca Film gedung Jakarta Utara terbaik&#38;sa ingin memasang kaca film gedung Jakarta Utara, segera hubungi selalu jawab/balas dan layani setiap permasalahan terkait pemasangan gelang film didalam anda gadget, dimana pun anda berada, pemasangan Kaca film gedung Jakarta Utara anda atau pun peningkatan baru anda, sehingga membuat profil sesering mungkin anda hub posisi &#8230;<p class="read-more"> <a class="" href="/kaca-film-gedung-jakarta-utara.html"> <span class="screen-reader-text">Jual &#38; Pasang Kaca Film Gedung Jakarta Utara ☎ 081 1154 2354</span> Read More &#187;</a></p>]]></description>
										<content:encoded><![CDATA[
<p></p>



<figure class="wp-block-gallery has-nested-images columns-default is-cropped wp-block-gallery-15 is-layout-flex">
<figure class="wp-block-image size-large"><img decoding="async" loading="lazy" width="1024" height="1024" data-id="2706"  src="/wp-content/uploads/2022/12/Kaca-Film-Gedung-6-1024x1024.jpeg" alt="" class="wp-image-2706" srcset="/wp-content/uploads/2022/12/Kaca-Film-Gedung-6-1024x1024.jpeg 1024w, /wp-content/uploads/2022/12/Kaca-Film-Gedung-6-300x300.jpeg 300w, /wp-content/uploads/2022/12/Kaca-Film-Gedung-6-150x150.jpeg 150w, /wp-content/uploads/2022/12/Kaca-Film-Gedung-6-768x768.jpeg 768w, /wp-content/uploads/2022/12/Kaca-Film-Gedung-6.jpeg 1080w" sizes="(max-width: 1024px) 100vw, 1024px" /></figure>
</figure>



<h2>Jual &amp; Pasang Kaca Film gedung Jakarta Utara</h2>



<p>terbaik&amp;sa ingin memasang kaca film gedung Jakarta Utara, segera hubungi selalu jawab/balas dan layani setiap permasalahan terkait pemasangan gelang film didalam anda gadget, dimana pun anda berada, pemasangan Kaca film gedung Jakarta Utara anda atau pun peningkatan baru anda, sehingga membuat profil sesering mungkin anda hub posisi anda dan mereka dalam memilih dan jumlah lain dalam perbaikan dalam untuk optimalisasi dari hasil editing Kaca film gedung Jakarta Utara. Bangunan bisa memilih film kaca untuk pintu jendela, atau <a href="https://kbbi.web.id/dinding">dinding</a> kacanya. Setelah terpasang kaca film di bangunan, kehidupan anda akan lebih nyaman.</p>



<p>Kami <a href="https://kacafilm.co.id/">kacafilm.co.id</a> perusahaan bekerjasama dengan dealer dalam memberikan penawaran kaca film dengan pilihan merek terlengkap. Kaca film tersedia pilihan yang lengkap dengan harga murah. Kaca film yang tersedia sangat lengkap dan harga-harganya sangat <a href="https://id.wikipedia.org/wiki/Harga">murah</a>. Sejuk di dalam ruangan terkunci sekarang ini dapat dydinginkan dengan alat kaca tinting agar tidak terserobot oleh sinar matahari yang panas.</p>



<h2>Cara Memilih Jasa Pemasangan Kaca Film</h2>



<p>1.Pemasangan Kaca Film Oleh Para Jasa Profesional dari kami <a href="https://kacafilm.co.id/">kacafilm.co.id</a>.<br>pemasangan kaca film ini dilakukan dengan jasa profesional yang kami punya.<br>Berpengalaman dan <a href="https://kbbi.web.id/teliti">teliti</a> biasanya tukang akan mendapat hasil yang bagus ketikan melakukan pemasangan kaca film gedung.</p>



<p>2. <a href="https://kbbi.web.id/pasang-4">Pemasangan</a> Kaca Film Proses Cepat<br>dengan tukang yang sudah <a href="https://kbbi.web.id/profesional">profesional</a>, maka pemasangannya akan dilakukan dengan cepat dan tidak memakan waktu yang lama dimana para tukang yang profesional tersebut tentunya sudah paham seperti apa cara untuk memasang yang tepat dan benar.berikut ini bagaimana para pemasang tersebut dapat memasang dengan cepat, yaitu dengan dibantu para tukang profesional yang ada diperusahaan pemasangnya tersebut.</p>



<p>3. Kaca Film Bergaransi <a href="https://kbbi.web.id/resmi">Resmi</a><br>Dengan memberikan <a href="https://kbbi.web.id/garansi">garansi</a> resmi sehingga nantinya akan bisa terasa lebih tenang dan tidak kawatir akan hasil yang didapatkan. Sanggup memberikan garansi resmi dengan tujuan supaya setiap pelanggan bisa memberikan perasaan kebahagiaan.</p>



<p><a href="https://kbbi.web.id/mahal">Mahal</a>, bukan berarti berkualitas, terlebih untuk kaca film. Oleh karena itu, anda harus <a href="https://kbbi.web.id/cermat">cermat</a> dalam memilih dealer agar mendapatkan produk dan layanan terbaik <a href="https://kbbi.web.id/harga">Harga</a> kaca film dihitung sesuai dengan kebutuhan pemasangannya berapa meter Apalagi mengingat merek kaca film memiliki harga yang berbeda tiap jenis, sehingga semua biaya tersebut harus di total dengan layanan <a href="https://kbbi.web.id/jasa">jasa</a> pemasangan. Jenis yang masih menjadi favorite bagi orang-orang adalah kaca film 3M solar low e karena selain memiliki dampak besar terhadap energi listrik, namun juga dapat dilepas pakai dan bisa dipasang kembali bila tidak lagi dibutuhkan. </p>



<p>Cek juga <a href="/kaca-film-gedung-jakarta-timur.html">Kaca Film Gedung ke Jakarta Timur</a></p>



<p>Cek juga <a href="/kaca-film-gedung-bogor.html">Kaca Film Gedung ke Bogor</a></p>



<p>Untuk Info Lengkap Silahkan<br>081 1154 2354</p>



<p>Email: kacafilmcoid@gmail.com</p>



<p>Kantor Kami<br>Jl. H. Amilin 1 RT 003/012 no.6B Kranji, Bekasi Barat 17135</p>



<p><a href="kaca-film-gedung-jakarta-utara">Sumber Artikel<br></a><a href="https://kacafilm.co.id/kaca-film-gedung-jakarta-utara">https://kacafilm.co.id/kaca-film-gedung-jakarta-utara</a></p>
]]></content:encoded>
					
		
		
			</item>
		<item>
		<title>Jual &#038; Pasang Kaca Film Gedung Jakarta Selatan ☎ 081 1154 2354</title>
		<link>/kaca-film-gedung-jakarta-selatan.html</link>
		
		<dc:creator><![CDATA[]]></dc:creator>
		<pubDate>Thu, 24 Nov 2022 19:57:44 +0000</pubDate>
				<category><![CDATA[Kaca Film Bekasi]]></category>
		<guid isPermaLink="false">/kaca-film-gedung-jakarta-selatan.html</guid>

					<description><![CDATA[Jual &#38; Pasang Kaca Film gedung Jakarta Selatan Spesialis pemasangan kaca film gedung Jakarta Selatan yang memberikan penawaran harga terbaik dan jaminan kualitas No.1. Kaca film gedung Jakarta Selatan yang memiliki penawaran harga film kaca yang memenuhi persyaratan kualitas standar tertinggi di Indonesia. Dinding kaca bisa diaplikasikan untuk keperluan pintu, jendela, dan kaca film pada &#8230;<p class="read-more"> <a class="" href="/kaca-film-gedung-jakarta-selatan.html"> <span class="screen-reader-text">Jual &#38; Pasang Kaca Film Gedung Jakarta Selatan ☎ 081 1154 2354</span> Read More &#187;</a></p>]]></description>
										<content:encoded><![CDATA[
<p></p>



<figure class="wp-block-gallery has-nested-images columns-default is-cropped wp-block-gallery-17 is-layout-flex">
<figure class="wp-block-image size-large"><img decoding="async" loading="lazy" width="1024" height="1024" data-id="2706"  src="/wp-content/uploads/2022/12/Kaca-Film-Gedung-6-1024x1024.jpeg" alt="" class="wp-image-2706" srcset="/wp-content/uploads/2022/12/Kaca-Film-Gedung-6-1024x1024.jpeg 1024w, /wp-content/uploads/2022/12/Kaca-Film-Gedung-6-300x300.jpeg 300w, /wp-content/uploads/2022/12/Kaca-Film-Gedung-6-150x150.jpeg 150w, /wp-content/uploads/2022/12/Kaca-Film-Gedung-6-768x768.jpeg 768w, /wp-content/uploads/2022/12/Kaca-Film-Gedung-6.jpeg 1080w" sizes="(max-width: 1024px) 100vw, 1024px" /></figure>
</figure>



<h2>Jual &amp; Pasang Kaca Film gedung Jakarta Selatan</h2>



<p>Spesialis pemasangan kaca film gedung Jakarta Selatan yang memberikan penawaran harga terbaik dan jaminan <a href="https://kbbi.web.id/kualitas">kualitas</a> No.1. Kaca film gedung Jakarta Selatan yang memiliki penawaran harga film kaca yang memenuhi persyaratan <a href="https://kbbi.web.id/kualitas">kualitas</a> standar tertinggi di Indonesia. <a href="https://kbbi.web.id/dinding">Dinding</a> kaca bisa diaplikasikan untuk keperluan pintu, jendela, dan kaca film pada bangunan. Setelah terpasang kaca film di bangunan, kehidupan anda akan lebih nyaman.</p>



<p>Kami <a href="https://kacafilm.co.id/">kacafilm.co.id</a> perusahaan bekerjasama dengan dealer dalam memberikan penawaran kaca film dengan pilihan merek terlengkap. Kaca film tersedia pilihan yang lengkap dengan harga murah. Kaca film yang tersedia sangat lengkap dan harga-harganya sangat <a href="https://id.wikipedia.org/wiki/Harga">murah</a>. Pemasangan kaca film memiliki sifat anti panas sehingga sinar matahari tidak langsung masuk ke dalam bangunan, sehingga suasana di dalam ruangan menjadi lebih sejuk dan <a href="https://kbbi.web.id/nyaman">nyaman</a>.</p>



<h2>"jasa pemasangan kaca film".</h2>



<p>1.Pemasangan Kaca Film Oleh Para Profesional Jasa dari kami <a href="https://kacafilm.co.id/">kacafilm.co.id</a> .<br><a href="https://kbbi.web.id/teliti">Teliti</a> dan cermat, Pemasangan Kaca Film Gedung harus dilakukan karena hanya khusus orang yang berpengalaman yang bisa melakukannya, Jadi Anda akan mendapatkan hasil yang bagus jika pemasangnya oleh tukang yang berpengalaman.</p>



<p>2. Proses Pemasangan Kaca Film Cepat.<br>Dengan tukang yang sudah profesional, Maka pemasangannya akan dilakukan dengan cepat dan tidak memakan waktu yang lama dimana para tukang <a href="https://kbbi.web.id/profesional">profesional</a> tersebut tentunya sudah paham seperti apa cara untuk memasang yang tepat dan benar.Karena para tukang sudah paham dengan cara memasang yang benar.</p>



<p>3. Kaca Film Bergaransi <a href="https://kbbi.web.id/resmi">Resmi</a><br>Resmi dimana kita dapat nikmati juga akan dilakukan kerja sama dari merk terbaik dan asli dengan adanya <a href="https://kbbi.web.id/garansi">garansi</a>, jadi bisa dipastikan akan terbukti dari kualitas hadir di atas dalam.</p>



<p>Kaca film yang mahal tidak menjamin kualitasnya memang original. Original tidak menjamin kualitas suatu kaca film yang <a href="https://kbbi.web.id/mahal">mahal</a>. Oleh karena itu, anda harus <a href="https://kbbi.web.id/cermat">cermat</a> dalam memilih dealer agar mendapatkan produk dan layanan terbaik. Produk layanan anda harus cermat dalam memilih dealer terbaik agar mendapatkan dan. <a href="https://kbbi.web.id/harga">Harga</a> kaca film dihitung sesuai dengan kebutuhan pemasangannya berapa meter Semua biaya tersebut harus di total dengan layanan <a href="https://kbbi.web.id/jasa">jasa</a> pemasangan, apalagi mengingat merek kaca film memiliki harga yang berbeda tiap jenis. Membutuhkan kaca film gedung Jakarta Selatan? hubungi kami <a href="https://kacafilm.co.id/">kacafilm.co.id</a> .</p>



<p>Cek juga <a href="/kaca-film-gedung-jakarta-pusat.html">Kaca Film Gedung ke Jakarta Pusat</a></p>



<p>Cek juga <a href="/kaca-film-gedung-jakarta-timur.html">Kaca Film Gedung ke Jakarta Timur</a></p>



<p>Untuk Info Lengkap Silahkan<br>081 1154 2354</p>



<p>Email: kacafilmcoid@gmail.com</p>



<p>Kantor Kami<br>Jl. H. Amilin 1 RT 003/012 no.6B Kranji, Bekasi Barat 17135</p>



<p><a href="kaca-film-gedung-jakarta-selatan">Sumber Artikel<br></a><a href="https://kacafilm.co.id/kaca-film-gedung-jakarta-selatan">https://kacafilm.co.id/kaca-film-gedung-jakarta-selatan</a></p>
]]></content:encoded>
					
		
		
			</item>
		<item>
		<title>Jual &#038; Pasang Kaca Film Gedung Jakarta Timur ☎ 081 1154 2354</title>
		<link>/kaca-film-gedung-jakarta-timur.html</link>
		
		<dc:creator><![CDATA[]]></dc:creator>
		<pubDate>Thu, 24 Nov 2022 07:59:44 +0000</pubDate>
				<category><![CDATA[Kaca Film Bekasi]]></category>
		<guid isPermaLink="false">/kaca-film-gedung-jakarta-timur.html</guid>

					<description><![CDATA[Jual &#38; Pasang Kaca Film gedung Jakarta Timur Kaca film gedung Jakarta Timur terbesar di surabaya yang memberikan penawaran harga terbaik dan jaminan kualitas No.1 Pemasangan kaca film pada bangunan bisa diaplikasikan untuk keperluan pintu, jendela, dan dinding kaca. Jendela di rumah bisa diaplikasikan kaca film. Kaca film sudah terpasang kaca film di bangunan serta &#8230;<p class="read-more"> <a class="" href="/kaca-film-gedung-jakarta-timur.html"> <span class="screen-reader-text">Jual &#38; Pasang Kaca Film Gedung Jakarta Timur ☎ 081 1154 2354</span> Read More &#187;</a></p>]]></description>
										<content:encoded><![CDATA[
<p></p>



<figure class="wp-block-gallery has-nested-images columns-default is-cropped wp-block-gallery-19 is-layout-flex">
<figure class="wp-block-image size-large"><img decoding="async" loading="lazy" width="1024" height="1024" data-id="2706"  src="/wp-content/uploads/2022/12/Kaca-Film-Gedung-6-1024x1024.jpeg" alt="" class="wp-image-2706" srcset="/wp-content/uploads/2022/12/Kaca-Film-Gedung-6-1024x1024.jpeg 1024w, /wp-content/uploads/2022/12/Kaca-Film-Gedung-6-300x300.jpeg 300w, /wp-content/uploads/2022/12/Kaca-Film-Gedung-6-150x150.jpeg 150w, /wp-content/uploads/2022/12/Kaca-Film-Gedung-6-768x768.jpeg 768w, /wp-content/uploads/2022/12/Kaca-Film-Gedung-6.jpeg 1080w" sizes="(max-width: 1024px) 100vw, 1024px" /></figure>
</figure>



<h2>Jual &amp; Pasang Kaca Film gedung Jakarta Timur</h2>



<p>Kaca film gedung Jakarta Timur terbesar di surabaya yang memberikan penawaran harga terbaik dan jaminan <a href="https://kbbi.web.id/kualitas">kualitas</a> No.1 Pemasangan kaca film pada bangunan bisa diaplikasikan untuk keperluan pintu, jendela, dan <a href="https://kbbi.web.id/dinding">dinding</a> kaca. Jendela di rumah bisa diaplikasikan kaca film. Kaca film sudah terpasang kaca film di bangunan serta membuat nyaman ketika kaca bangunan sudah terpasang kaca film.</p>



<p>Perusahaan kami <a href="https://kacafilm.co.id/">kacafilm.co.id</a> telah bekerja sama dengan dealer kaca film resmi memberikan penawaran kaca film dengan pilihan merek terlengkap Kaca film tersedia pilihan yang lengkap dengan harga <a href="https://id.wikipedia.org/wiki/Harga">murah</a>. Kaca film lengkap dengan harga murah, segera hubungi kami di agen jual kaca film terpercaya. Pemasangan kaca film memiliki sifat anti panas sehingga sinar matahari tidak langsung masuk ke dalam bangunan, sehingga suasana di dalam ruangan menjadi lebih sejuk dan <a href="https://kbbi.web.id/nyaman">nyaman</a>.</p>



<h2>Cara menentukan pilihan jasa pemasangan kaca film.</h2>



<p>1.Pemasangan Kaca Film Oleh Para Jasa Profesional dari kami <a href="https://kacafilm.co.id/">kacafilm.co.id</a>. Jasa Pemasangan kaca film untuk semua kendaraan oleh kami dilaksanakan oleh para profesional.<br>Pemasangan Kaca Film Gedung harus dengan <a href="https://kbbi.web.id/teliti">teliti</a> dan cermat tidak sembarangan orang bisa melakukannya, Jadi Anda akan mendapatkan hasil yang bagus jika pemasangnya oleh tukang yang berpengalaman dan harus dengan teliti dan cermat tidak sembarangan orang bisa melakukannya, Jadi Anda akan mendapatkan hasil yang bagus jika pemasangnya oleh tukang yang berpengalaman.</p>



<p>2. Proses <a href="https://kbbi.web.id/pasang-4">pemasangan</a> kaca film cepat.<br>Dengan tukang yang sudah <a href="https://kbbi.web.id/profesional">profesional</a>, Maka pemasangannya akan dilakukan dengan cepat dan tidak memakan waktu yang lama dimana para tukang profesional tersebut tentunya sudah paham seperti apa cara untuk memasang yang tepat dan benar.</p>



<p>3. Kaca Film Bergaransi <a href="https://kbbi.web.id/resmi">Resmi</a><br>Resmi dimana kita dapat nikmati juga akan dilakukan kerja sama dari merk terbaik dan asli dengan adanya <a href="https://kbbi.web.id/garansi">garansi</a>, jadi bisa dipastikan akan terbukti dari kualitas hadir di atas dalam.</p>



<p>Kaca film yang <a href="https://kbbi.web.id/mahal">mahal</a> memang tidak menjamin kalau kualitasnya original. Oleh karena itu, anda harus <a href="https://kbbi.web.id/cermat">cermat</a> dalam memilih dealer agar mendapatkan produk dan layanan terbaik. Memilih dealer yang memberikan layanan terbaik agar mendapatkan produk terbaik. <a href="https://kbbi.web.id/harga">Harga</a> kaca film dihitung sesuai dengan kebutuhan pemasangannya berapa meter Semua biaya tersebut harus di total dengan layanan <a href="https://kbbi.web.id/jasa">jasa</a> pemasangan, apalagi mengingat merek kaca film memiliki harga yang berbeda tiap jenis. Membutuhkan kaca film gedung Jakarta Timur? hubungi kami <a href="https://kacafilm.co.id/">kacafilm.co.id</a> .</p>



<p>Cek juga <a href="/kaca-film-gedung-jakarta-selatan.html">Kaca Film Gedung ke Jakarta Selatan</a></p>



<p>Cek juga <a href="/kaca-film-gedung-jakarta-utara.html">Kaca Film Gedung ke Jakarta Utara</a></p>



<p>Untuk Info Lengkap Silahkan<br>081 1154 2354</p>



<p>Email: kacafilmcoid@gmail.com</p>



<p>Kantor Kami<br>Jl. H. Amilin 1 RT 003/012 no.6B Kranji, Bekasi Barat 17135</p>



<p><a href="kaca-film-gedung-jakarta-timur">Sumber Artikel<br></a><a href="https://kacafilm.co.id/kaca-film-gedung-jakarta-timur">https://kacafilm.co.id/kaca-film-gedung-jakarta-timur</a></p>
]]></content:encoded>
					
		
		
			</item>
	</channel>
</rss>
